High Low Percent,High,Low,Open Close Percent,Open,Close,Volume,Adj Close,Daily percent change
0.00%,0.21,0.21,0.00%,0.21,0.21,0.00,0.10,
0.00%,0.21,0.21,0.00%,0.21,0.21,0.00,0.10,0.00%
7.14%,18.75,17.50,2.86%,17.50,18.00,"11,336,551.00",8.68,8637.86%
5.71%,19.06,18.03,5.38%,18.03,19.00,"1,705,300.00",9.16,5.56%
5.44%,18.98,18.00,-1.60%,18.76,18.46,"1,668,900.00",8.90,-2.84%
3.95%,18.94,18.22,-1.56%,18.59,18.30,"1,460,800.00",8.83,-0.87%
4.49%,18.86,18.05,1.75%,18.26,18.58,"1,992,000.00",8.96,1.53%
2.13%,18.73,18.34,-0.49%,18.50,18.41,"305,400.00",8.88,-0.91%
2.71%,18.75,18.25,1.24%,18.48,18.71,"688,000.00",9.02,1.63%
4.16%,18.79,18.04,-2.19%,18.69,18.28,"196,300.00",8.82,-2.30%
3.14%,18.71,18.14,0.93%,18.28,18.45,"284,300.00",8.90,0.93%
2.78%,18.50,18.00,-2.28%,18.42,18.00,"493,800.00",8.68,-2.44%
1.56%,18.28,18.00,0.44%,18.00,18.08,"695,800.00",8.72,0.44%
2.22%,18.40,18.00,-0.61%,18.11,18.00,"171,400.00",8.68,-0.44%
4.00%,18.72,18.00,2.00%,18.00,18.36,"228,500.00",8.86,2.00%
4.29%,18.70,17.93,-2.07%,18.38,18.00,"456,800.00",8.68,-1.96%
3.26%,18.07,17.50,-2.50%,17.97,17.52,"440,300.00",8.45,-2.67%
3.64%,17.95,17.32,-0.17%,17.61,17.58,"320,300.00",8.48,0.34%
2.90%,17.75,17.25,-0.34%,17.50,17.44,"629,600.00",8.41,-0.80%
5.10%,17.52,16.67,-3.48%,17.51,16.90,"787,500.00",8.15,-3.10%
4.30%,17.47,16.75,1.77%,16.94,17.24,"346,600.00",8.32,2.01%
2.19%,17.30,16.93,0.06%,17.14,17.15,"286,900.00",8.27,-0.52%
7.34%,18.14,16.90,-0.58%,17.10,17.00,"494,200.00",8.20,-0.87%
4.26%,17.86,17.13,1.93%,17.13,17.46,"178,700.00",8.42,2.71%
8.19%,18.09,16.72,-1.74%,17.29,16.99,"190,600.00",8.19,-2.69%
3.29%,17.25,16.70,1.25%,16.84,17.05,"203,200.00",8.22,0.35%
2.37%,17.30,16.90,0.29%,17.09,17.14,"295,600.00",8.27,0.53%
8.41%,19.08,17.60,-0.78%,17.90,17.76,"1,499,100.00",8.57,3.62%
4.65%,18.23,17.42,1.79%,17.88,18.20,"558,100.00",8.78,2.48%
5.78%,18.49,17.48,-1.76%,18.22,17.90,"468,900.00",8.63,-1.65%
2.37%,18.11,17.69,-1.06%,17.92,17.73,"402,700.00",8.55,-0.95%
3.99%,17.98,17.29,-2.09%,17.70,17.33,"112,400.00",8.38,-1.98%
2.11%,17.41,17.05,-1.55%,17.39,17.12,"127,700.00",8.28,-1.21%
2.65%,17.46,17.01,0.35%,17.28,17.34,"139,800.00",8.39,1.29%
3.73%,17.25,16.63,-0.06%,17.10,17.09,"477,000.00",8.27,-1.44%
5.39%,18.00,17.08,3.92%,17.08,17.75,"251,500.00",8.59,3.86%
4.27%,17.82,17.09,-2.71%,17.69,17.21,"511,600.00",8.32,-3.04%
2.86%,17.65,17.16,0.46%,17.25,17.33,"161,900.00",8.38,0.70%
3.31%,17.50,16.94,0.87%,17.33,17.48,"124,400.00",8.45,0.87%
3.00%,17.50,16.99,-2.41%,17.45,17.03,"194,900.00",8.24,-2.57%
4.60%,17.50,16.73,2.59%,17.00,17.44,"225,400.00",8.44,2.41%
1.16%,17.51,17.31,-0.17%,17.51,17.48,"115,900.00",8.45,0.23%
1.89%,17.75,17.42,-0.29%,17.50,17.45,"232,600.00",8.44,-0.17%
3.41%,17.61,17.03,-0.98%,17.33,17.16,"215,400.00",8.30,-1.66%
2.88%,17.50,17.01,0.29%,17.25,17.30,"168,300.00",8.37,0.82%
4.04%,17.27,16.60,-1.98%,17.13,16.79,"392,000.00",8.12,-2.95%
9.05%,16.75,15.36,-4.57%,16.62,15.86,"1,757,100.00",7.67,-5.54%
4.22%,16.05,15.40,-1.25%,15.95,15.75,"849,000.00",7.62,-0.69%
2.97%,15.77,15.31,-0.70%,15.61,15.50,"490,000.00",7.50,-1.59%
3.37%,15.64,15.13,0.13%,15.47,15.49,"573,700.00",7.49,-0.06%
9.48%,16.98,15.51,4.00%,15.51,16.13,"785,600.00",7.80,4.13%
4.14%,16.47,15.81,0.25%,16.22,16.26,"2,733,600.00",7.86,0.81%
1.98%,16.26,15.94,-0.31%,16.24,16.19,"207,900.00",7.83,-0.43%
9.27%,16.50,15.10,7.46%,15.15,16.28,"642,800.00",7.87,0.56%
5.34%,17.05,16.18,3.29%,16.41,16.95,"438,100.00",8.20,4.12%
3.24%,17.23,16.69,1.43%,16.84,17.08,"402,500.00",8.26,0.77%
2.03%,17.35,17.00,0.23%,17.09,17.13,"291,500.00",8.29,0.29%
1.75%,17.47,17.17,0.87%,17.17,17.32,"72,800.00",8.38,1.11%
5.05%,17.88,17.02,1.77%,17.47,17.78,"159,200.00",8.60,2.66%
1.76%,17.91,17.60,-0.23%,17.77,17.73,"193,200.00",8.58,-0.28%
2.01%,17.73,17.38,-0.34%,17.72,17.66,"155,000.00",8.54,-0.39%
3.39%,18.00,17.41,2.11%,17.56,17.93,"250,900.00",8.67,1.53%
4.25%,18.63,17.87,2.65%,18.10,18.58,"330,800.00",8.99,3.63%
4.21%,19.06,18.29,0.37%,18.75,18.82,"308,900.00",9.10,1.29%
4.16%,18.92,18.17,0.11%,18.73,18.75,"163,900.00",9.07,-0.37%
1.61%,18.92,18.62,0.64%,18.65,18.77,"109,900.00",9.08,0.11%
4.75%,19.64,18.75,4.69%,18.75,19.63,"406,100.00",9.49,4.58%
3.02%,19.80,19.22,1.75%,19.40,19.74,"817,400.00",9.55,0.56%
5.30%,20.46,19.43,-0.91%,19.73,19.55,"341,000.00",9.46,-0.96%
2.28%,19.74,19.30,-1.22%,19.66,19.42,"364,200.00",9.39,-0.66%
4.11%,19.76,18.98,-1.08%,19.52,19.31,"395,200.00",9.34,-0.57%
3.29%,19.49,18.87,-1.55%,19.30,19.00,"345,400.00",9.19,-1.61%
5.56%,20.19,19.13,4.23%,19.14,19.95,"455,900.00",9.65,5.00%
2.91%,20.48,19.90,2.20%,19.96,20.40,"411,900.00",9.87,2.26%
5.32%,20.97,19.91,0.98%,20.48,20.68,"361,800.00",10.00,1.37%
3.10%,21.26,20.62,2.76%,20.67,21.24,"185,000.00",10.27,2.71%
3.48%,21.98,21.24,2.34%,21.36,21.86,"255,800.00",10.57,2.92%
3.39%,22.27,21.54,1.37%,21.95,22.25,"191,900.00",10.76,1.78%
3.37%,22.58,21.84,2.08%,22.11,22.57,"397,400.00",10.92,1.44%
5.17%,22.58,21.47,-3.19%,22.58,21.86,"476,300.00",10.57,-3.15%
6.39%,24.15,22.70,3.58%,23.21,24.04,"1,437,700.00",11.63,9.97%
4.84%,24.78,23.64,1.90%,24.20,24.66,"635,500.00",11.93,2.58%
1.85%,24.76,24.31,-1.25%,24.73,24.42,"299,000.00",11.81,-0.97%
1.18%,24.49,24.20,0.08%,24.40,24.42,"335,700.00",11.81,0.00%
3.22%,24.37,23.61,-1.45%,24.08,23.73,"275,800.00",11.50,-2.63%
3.82%,23.91,23.03,0.04%,23.16,23.17,"375,500.00",11.23,-2.36%
5.00%,24.36,23.20,4.16%,23.32,24.29,"324,900.00",11.77,4.83%
2.05%,24.45,23.96,-1.56%,24.35,23.97,"285,400.00",11.62,-1.32%
2.84%,24.64,23.96,2.29%,24.07,24.62,"261,300.00",11.93,2.71%
2.45%,24.64,24.05,-1.67%,24.58,24.17,"237,900.00",11.71,-1.83%
2.29%,24.61,24.06,0.75%,24.06,24.24,"294,200.00",11.75,0.29%
1.40%,24.40,24.06,0.04%,24.23,24.24,"274,300.00",11.75,0.00%
3.08%,25.12,24.37,2.16%,24.49,25.02,"255,700.00",12.13,3.22%
3.91%,26.07,25.09,3.47%,25.09,25.96,"531,800.00",12.58,3.76%
2.84%,26.39,25.66,0.04%,26.11,26.12,"273,100.00",12.66,0.62%
2.22%,26.70,26.12,1.14%,26.34,26.64,"219,500.00",12.91,1.99%
2.44%,27.25,26.60,0.94%,26.64,26.89,"334,000.00",13.03,0.94%
1.74%,27.16,26.69,1.12%,26.77,27.07,"327,700.00",13.12,0.67%
1.15%,27.22,26.91,-0.52%,27.11,26.97,"230,600.00",13.07,-0.37%
1.11%,27.33,27.03,0.63%,27.12,27.29,"330,800.00",13.23,1.19%
1.77%,27.54,27.06,-1.17%,27.45,27.13,"205,400.00",13.15,-0.59%
4.94%,27.62,26.32,-1.87%,27.28,26.77,"375,400.00",12.97,-1.33%
2.38%,27.07,26.44,-1.11%,26.91,26.61,"310,800.00",12.90,-0.60%
6.16%,26.20,24.68,-2.03%,26.10,25.57,"771,400.00",12.39,-3.91%
2.81%,25.78,25.08,-0.94%,25.42,25.18,"446,700.00",12.20,-1.53%
3.61%,25.99,25.08,-0.70%,25.65,25.47,"313,600.00",12.34,1.15%
2.23%,25.66,25.10,-1.84%,25.58,25.11,"293,100.00",12.17,-1.41%
2.79%,25.39,24.70,0.08%,24.98,25.00,"236,600.00",12.12,-0.44%
3.66%,24.95,24.07,-2.08%,24.95,24.43,"342,500.00",11.84,-2.28%
2.43%,24.89,24.30,0.33%,24.30,24.38,"980,800.00",11.82,-0.20%
3.37%,24.99,24.17,0.61%,24.50,24.65,"1,145,200.00",11.95,1.11%
2.48%,24.80,24.20,-1.78%,24.72,24.28,"505,700.00",11.77,-1.50%
2.32%,24.66,24.10,0.25%,24.27,24.33,"449,700.00",11.79,0.21%
6.25%,24.32,22.89,-4.28%,24.32,23.28,"408,200.00",11.28,-4.32%
5.94%,24.63,23.25,-1.64%,23.74,23.35,"949,400.00",11.32,0.30%
5.29%,24.46,23.23,3.48%,23.30,24.11,"562,000.00",11.69,3.25%
5.77%,24.42,23.09,-2.83%,24.07,23.39,"721,200.00",11.34,-2.99%
2.32%,23.81,23.27,-0.67%,23.74,23.58,"357,100.00",11.43,0.81%
2.72%,23.79,23.16,-1.10%,23.56,23.30,"308,000.00",11.29,-1.19%
2.29%,23.63,23.10,1.46%,23.23,23.57,"379,200.00",11.42,1.16%
3.65%,24.13,23.28,0.72%,23.58,23.75,"723,000.00",11.51,0.76%
4.19%,24.59,23.60,2.19%,23.77,24.29,"575,200.00",11.77,2.27%
4.18%,24.69,23.70,-1.81%,24.32,23.88,"795,300.00",11.57,-1.69%
3.34%,24.75,23.95,0.79%,24.01,24.20,"947,400.00",11.73,1.34%
3.05%,24.31,23.59,-2.28%,24.16,23.61,"415,900.00",11.44,-2.44%
3.45%,24.01,23.21,-0.38%,23.48,23.39,"496,900.00",11.34,-0.93%
2.96%,23.85,23.17,0.34%,23.21,23.29,"409,300.00",11.29,-0.43%
2.32%,23.81,23.27,0.47%,23.42,23.53,"533,100.00",11.40,1.03%
2.86%,24.11,23.44,1.36%,23.57,23.89,"338,600.00",11.58,1.53%
4.84%,24.46,23.33,-2.57%,24.14,23.52,"602,100.00",11.40,-1.55%
4.02%,24.30,23.36,0.09%,23.51,23.53,"1,344,400.00",11.40,0.04%
3.52%,24.40,23.57,1.99%,23.57,24.04,"1,279,100.00",11.65,2.17%
3.30%,23.98,23.21,-0.55%,23.74,23.61,"764,400.00",11.44,-1.79%
6.78%,27.25,25.52,1.44%,26.31,26.69,"2,619,700.00",12.94,13.05%
3.54%,27.67,26.73,1.14%,27.11,27.42,"1,563,800.00",13.29,2.74%
3.45%,27.89,26.96,-1.51%,27.74,27.32,"1,239,700.00",13.24,-0.36%
2.57%,27.91,27.21,-0.22%,27.66,27.60,"1,512,300.00",13.38,1.02%
2.49%,27.95,27.27,-1.37%,27.66,27.28,"1,319,800.00",13.22,-1.16%
4.21%,27.46,26.35,-3.25%,27.40,26.51,"785,900.00",12.85,-2.82%
3.21%,26.65,25.82,-1.85%,26.50,26.01,"1,147,300.00",12.61,-1.89%
2.52%,26.40,25.75,0.27%,26.01,26.08,"482,900.00",12.64,0.27%
1.89%,26.11,25.63,0.31%,25.94,26.02,"399,500.00",12.61,-0.23%
2.58%,26.68,26.01,1.56%,26.24,26.65,"568,300.00",12.92,2.42%
1.69%,27.06,26.61,0.45%,26.66,26.78,"392,900.00",13.00,0.68%
5.58%,28.00,26.52,-4.43%,28.00,26.76,"1,033,000.00",12.99,-0.07%
3.02%,27.26,26.46,-1.00%,26.91,26.64,"966,700.00",12.94,-0.45%
1.55%,26.78,26.37,-1.19%,26.78,26.46,"1,428,300.00",12.85,-0.68%
2.96%,26.60,25.84,-1.70%,26.54,26.09,"835,800.00",12.67,-1.40%
3.75%,26.03,25.09,-0.31%,26.03,25.95,"2,119,100.00",12.60,-0.54%
8.68%,27.42,25.23,3.11%,26.36,27.18,"2,143,300.00",13.20,4.74%
3.10%,28.58,27.72,-0.46%,28.00,27.87,"964,100.00",13.53,2.54%
3.73%,28.36,27.34,-0.68%,27.78,27.59,"741,300.00",13.40,-1.00%
4.07%,27.87,26.78,1.35%,27.49,27.86,"415,500.00",13.53,0.98%
2.06%,28.22,27.65,0.11%,27.97,28.00,"592,300.00",13.60,0.50%
2.19%,28.41,27.80,1.07%,28.00,28.30,"516,400.00",13.74,1.07%
2.06%,28.78,28.20,1.31%,28.20,28.57,"494,200.00",13.87,0.95%
1.97%,29.18,28.61,0.24%,28.81,28.88,"621,400.00",14.02,1.09%
5.57%,30.49,28.88,3.53%,28.88,29.90,"1,392,600.00",14.52,3.53%
10.83%,20.57,18.56,10.13%,18.65,20.54,"2,155,000.00",15.96,9.90%
5.01%,21.18,20.17,-0.59%,20.50,20.38,"1,617,600.00",15.83,-0.78%
3.53%,21.14,20.42,1.37%,20.42,20.70,"1,443,000.00",16.08,1.57%
3.92%,21.61,20.80,2.36%,20.80,21.29,"1,631,000.00",16.54,2.85%
5.23%,22.53,21.41,3.78%,21.41,22.22,"2,318,600.00",17.26,4.37%
4.29%,23.17,22.22,0.95%,22.22,22.43,"1,181,100.00",17.42,0.95%
7.16%,23.04,21.50,3.91%,22.00,22.86,"1,341,400.00",17.76,1.92%
3.35%,23.45,22.69,-0.39%,23.15,23.06,"1,441,500.00",17.91,0.87%
2.94%,23.46,22.79,0.83%,23.00,23.19,"830,800.00",18.01,0.56%
2.66%,23.94,23.32,1.45%,23.48,23.82,"1,333,500.00",18.50,2.72%
3.06%,24.61,23.88,-0.33%,23.98,23.90,"1,124,700.00",18.57,0.34%
3.59%,24.80,23.94,0.33%,24.05,24.13,"1,532,600.00",18.75,0.96%
3.32%,24.26,23.48,-0.41%,24.22,24.12,"1,006,700.00",18.74,-0.04%
4.15%,24.82,23.83,0.33%,24.04,24.12,"1,058,400.00",18.74,0.00%
4.15%,24.33,23.36,-2.95%,24.10,23.39,"1,175,300.00",18.17,-3.03%
7.36%,24.37,22.70,2.26%,23.42,23.95,"3,237,400.00",18.61,2.39%
2.09%,24.43,23.93,0.83%,24.00,24.20,"787,100.00",18.80,1.04%
4.74%,25.40,24.25,3.35%,24.49,25.31,"1,645,500.00",19.66,4.59%
2.85%,25.83,25.11,-1.40%,25.67,25.31,"910,300.00",19.66,0.00%
3.99%,26.17,25.17,1.30%,25.32,25.65,"678,400.00",19.93,1.34%
2.00%,26.07,25.56,0.78%,25.71,25.91,"373,700.00",20.13,1.01%
1.28%,26.11,25.78,0.04%,26.01,26.02,"331,400.00",20.21,0.42%
3.08%,26.07,25.29,-2.77%,26.02,25.30,"495,500.00",19.65,-2.77%
2.45%,25.51,24.90,-0.83%,25.40,25.19,"495,300.00",19.57,-0.43%
1.87%,25.29,24.83,-0.55%,25.29,25.15,"454,800.00",19.54,-0.16%
6.65%,26.77,25.10,5.28%,25.40,26.74,"906,100.00",20.77,6.32%
3.37%,26.97,26.09,-0.15%,26.81,26.77,"880,500.00",20.80,0.11%
2.55%,27.30,26.62,0.97%,26.87,27.13,"571,700.00",21.08,1.34%
1.58%,27.29,26.86,-0.74%,27.16,26.96,"426,900.00",20.94,-0.63%
3.17%,27.70,26.85,1.85%,27.03,27.53,"947,900.00",21.39,2.11%
3.42%,27.53,26.62,-3.05%,27.52,26.68,"571,400.00",20.73,-3.09%
3.32%,27.07,26.20,1.54%,26.62,27.03,"544,900.00",21.00,1.31%
6.39%,28.99,27.25,4.66%,27.25,28.52,"1,434,900.00",22.16,5.51%
2.61%,28.72,27.99,-1.16%,28.55,28.22,"523,800.00",21.92,-1.05%
4.63%,28.48,27.22,-3.52%,28.38,27.38,"773,300.00",21.27,-2.98%
4.61%,27.88,26.65,1.72%,27.38,27.85,"727,300.00",21.63,1.72%
3.57%,28.11,27.14,-2.34%,27.81,27.16,"462,900.00",21.10,-2.48%
2.93%,27.74,26.95,1.22%,27.13,27.46,"326,200.00",21.33,1.10%
2.96%,28.22,27.41,2.48%,27.46,28.14,"463,000.00",21.86,2.48%
7.58%,28.94,26.90,-3.87%,28.69,27.58,"807,400.00",21.43,-1.99%
2.45%,28.38,27.70,0.86%,27.87,28.11,"525,700.00",21.84,1.92%
3.50%,28.39,27.43,-1.59%,28.39,27.94,"468,200.00",21.70,-0.60%
3.56%,28.69,27.70,2.07%,28.08,28.66,"463,500.00",22.26,2.58%
3.58%,28.90,27.90,-2.23%,28.70,28.06,"531,300.00",21.80,-2.09%
4.96%,28.55,27.20,-2.32%,28.05,27.40,"447,000.00",21.29,-2.35%
2.78%,28.10,27.34,1.45%,27.57,27.97,"363,200.00",21.73,2.08%
4.75%,28.86,27.55,1.98%,27.83,28.38,"653,900.00",22.05,1.47%
6.39%,28.48,26.77,-2.14%,28.00,27.40,"578,400.00",21.29,-3.45%
8.41%,27.97,25.80,-0.41%,26.84,26.73,"907,500.00",20.76,-2.45%
7.17%,27.81,25.95,4.98%,26.08,27.38,"1,055,100.00",21.27,2.43%
2.75%,27.68,26.94,-0.48%,27.28,27.15,"303,700.00",21.09,-0.84%
2.62%,27.42,26.72,-1.55%,27.14,26.72,"534,600.00",20.76,-1.58%
5.35%,27.58,26.18,-0.59%,27.00,26.84,"908,400.00",20.85,0.45%
5.83%,28.31,26.75,3.82%,26.97,28.00,"346,200.00",21.75,4.32%
3.46%,28.97,28.00,3.21%,28.00,28.90,"784,900.00",22.45,3.21%
9.90%,31.19,28.38,8.15%,28.60,30.93,"1,093,300.00",24.03,7.02%
12.15%,32.66,29.12,2.40%,31.25,32.00,"1,527,100.00",24.86,3.46%
4.06%,32.03,30.78,-0.82%,31.75,31.49,"1,010,000.00",24.46,-1.59%
4.39%,31.86,30.52,-1.66%,31.25,30.73,"516,600.00",23.87,-2.41%
2.96%,31.27,30.37,-1.36%,30.82,30.40,"577,300.00",23.62,-1.07%
2.78%,31.45,30.60,-0.45%,31.10,30.96,"798,800.00",24.09,2.01%
3.36%,32.02,30.98,3.29%,30.98,32.00,"441,100.00",24.90,3.36%
6.04%,33.52,31.61,4.34%,32.00,33.39,"966,200.00",25.98,4.34%
7.70%,33.72,31.31,-2.01%,33.36,32.69,"900,900.00",25.44,-2.10%
6.80%,33.13,31.02,-5.51%,33.03,31.21,"1,016,900.00",24.29,-4.53%
4.68%,31.97,30.54,-2.20%,31.37,30.68,"1,116,000.00",23.87,-1.70%
7.03%,31.96,29.86,3.25%,30.43,31.42,"940,400.00",24.45,2.41%
4.39%,31.42,30.10,-1.67%,31.14,30.62,"963,700.00",23.83,-2.55%
5.74%,32.31,30.56,3.08%,30.84,31.79,"818,900.00",24.74,3.82%
3.34%,32.19,31.15,0.29%,31.37,31.46,"447,100.00",24.48,-1.04%
5.42%,31.73,30.10,-2.99%,31.44,30.50,"578,500.00",23.73,-3.05%
6.74%,30.87,28.92,-4.76%,30.70,29.24,"842,100.00",22.75,-4.13%
5.02%,29.91,28.48,-1.20%,29.21,28.86,"717,800.00",22.46,-1.30%
4.91%,29.47,28.09,-0.17%,29.00,28.95,"928,100.00",22.53,0.31%
3.28%,29.57,28.63,-0.62%,28.96,28.78,"875,100.00",22.39,-0.59%
2.51%,29.44,28.72,1.25%,28.74,29.10,"633,100.00",22.64,1.11%
4.48%,30.33,29.03,4.20%,29.05,30.27,"1,049,300.00",23.55,4.02%
6.35%,30.49,28.67,-3.04%,30.23,29.31,"654,700.00",22.81,-3.17%
5.83%,31.04,29.33,2.03%,29.51,30.11,"855,100.00",23.43,2.73%
6.41%,31.71,29.80,4.44%,30.18,31.52,"737,600.00",24.53,4.68%
5.11%,31.05,29.54,-4.73%,31.05,29.58,"514,300.00",23.02,-6.15%
4.87%,29.80,28.42,-3.74%,29.71,28.60,"753,400.00",22.25,-3.31%
3.41%,29.43,28.46,-0.45%,29.15,29.02,"781,500.00",22.58,1.47%
5.71%,29.44,27.85,-3.38%,29.25,28.26,"700,000.00",21.99,-2.62%
5.23%,28.35,26.94,-1.74%,28.12,27.63,"1,394,600.00",21.50,-2.23%
2.91%,28.68,27.87,-0.07%,28.03,28.01,"568,900.00",21.80,1.38%
4.46%,28.82,27.59,3.10%,27.77,28.63,"571,500.00",22.28,2.21%
3.61%,29.30,28.28,-1.22%,28.69,28.34,"427,000.00",22.05,-1.01%
6.81%,29.16,27.30,-0.34%,29.01,28.91,"1,664,900.00",22.50,2.01%
7.43%,29.70,27.65,-3.56%,29.52,28.47,"1,369,300.00",22.15,-1.52%
5.94%,28.87,27.25,-2.95%,28.44,27.60,"1,437,300.00",21.48,-3.06%
5.64%,29.42,27.85,2.50%,28.00,28.70,"1,535,200.00",22.33,3.99%
5.17%,30.51,29.01,4.45%,29.20,30.50,"1,561,200.00",23.73,6.27%
4.90%,30.80,29.36,-1.60%,30.71,30.22,"1,791,500.00",23.51,-0.92%
8.70%,24.56,22.59,-4.92%,23.98,22.80,"2,056,500.00",22.63,-3.76%
3.48%,23.49,22.70,1.74%,23.00,23.40,"1,009,100.00",23.23,2.63%
6.95%,23.69,22.15,-4.79%,23.57,22.44,"905,300.00",22.27,-4.10%
4.40%,23.00,22.03,0.27%,22.61,22.67,"1,166,900.00",22.50,1.02%
4.87%,23.90,22.79,2.18%,22.93,23.43,"1,763,400.00",23.26,3.35%
5.37%,24.54,23.29,3.24%,23.43,24.19,"1,322,300.00",24.01,3.24%
4.91%,24.47,23.32,-1.28%,24.19,23.88,"991,100.00",23.70,-1.28%
3.82%,24.21,23.32,-0.71%,23.97,23.80,"944,000.00",23.62,-0.34%
5.50%,23.80,22.56,-3.91%,23.80,22.87,"876,800.00",22.70,-3.91%
6.39%,23.62,22.20,0.62%,22.72,22.86,"1,092,400.00",22.69,-0.04%
4.25%,23.32,22.37,-1.79%,22.94,22.53,"1,101,000.00",22.36,-1.44%
4.28%,22.65,21.72,0.40%,22.48,22.57,"664,300.00",22.40,0.18%
6.99%,23.87,22.31,3.10%,22.55,23.25,"1,376,400.00",23.08,3.01%
4.58%,23.97,22.92,0.00%,23.19,23.19,"1,147,400.00",23.02,-0.26%
5.05%,24.36,23.19,3.49%,23.19,24.00,"1,306,800.00",23.82,3.49%
9.03%,26.93,24.70,5.13%,24.77,26.04,"2,243,400.00",25.90,8.73%
8.48%,27.90,25.72,5.61%,26.04,27.50,"2,052,300.00",27.35,5.61%
7.14%,28.25,26.37,-4.38%,27.84,26.62,"1,709,200.00",26.48,-3.20%
3.89%,25.65,24.69,-2.42%,25.60,24.98,"4,554,000.00",24.85,-6.16%
4.50%,26.25,25.12,3.54%,25.12,26.01,"3,930,900.00",25.87,4.12%
2.53%,26.91,26.24,0.49%,26.32,26.45,"1,125,900.00",26.31,1.69%
2.87%,27.25,26.49,1.17%,26.50,26.81,"865,300.00",26.67,1.36%
3.25%,27.29,26.43,-2.00%,27.04,26.50,"701,400.00",26.36,-1.16%
2.86%,27.00,26.25,1.45%,26.27,26.65,"704,400.00",26.51,0.57%
2.04%,27.50,26.95,-0.04%,27.20,27.19,"1,221,500.00",27.04,2.03%
2.80%,27.87,27.11,2.73%,27.11,27.85,"1,008,100.00",27.70,2.43%
3.87%,27.90,26.86,-2.23%,27.86,27.24,"582,000.00",27.09,-2.19%
3.40%,27.97,27.05,1.16%,27.49,27.81,"741,000.00",27.66,2.09%
4.56%,27.99,26.77,-3.28%,27.76,26.85,"1,139,600.00",26.71,-3.45%
2.99%,26.86,26.08,-0.30%,26.58,26.50,"758,300.00",26.36,-1.30%
4.65%,26.56,25.38,-0.42%,26.34,26.23,"1,052,700.00",26.09,-1.02%
3.18%,26.32,25.51,0.88%,26.00,26.23,"1,947,800.00",26.09,0.00%
3.47%,26.55,25.66,-0.81%,25.91,25.70,"901,300.00",25.56,-2.02%
4.44%,27.03,25.88,3.36%,25.88,26.75,"801,900.00",26.61,4.09%
3.20%,27.70,26.84,0.82%,26.95,27.17,"938,200.00",27.02,1.57%
4.20%,28.50,27.35,3.50%,27.42,28.38,"1,001,500.00",28.23,4.45%
2.10%,28.63,28.04,0.04%,28.44,28.45,"754,800.00",28.30,0.25%
5.48%,30.03,28.47,5.19%,28.52,30.00,"1,102,100.00",29.84,5.45%
6.32%,31.65,29.77,0.23%,30.20,30.27,"1,427,900.00",30.11,0.90%
5.45%,30.76,29.17,-1.55%,30.28,29.81,"1,233,000.00",29.65,-1.52%
5.10%,29.90,28.45,-2.68%,29.88,29.08,"1,669,800.00",28.92,-2.45%
3.95%,30.27,29.12,0.68%,29.22,29.42,"1,282,200.00",29.26,1.17%
5.26%,29.81,28.32,-1.43%,29.42,29.00,"4,134,500.00",28.84,-1.43%
4.43%,29.21,27.97,-3.88%,29.11,27.98,"1,407,700.00",27.83,-3.52%
7.10%,28.50,26.61,-2.24%,28.17,27.54,"1,922,200.00",27.39,-1.57%
9.30%,26.80,24.52,-4.22%,26.80,25.67,"3,187,600.00",25.53,-6.79%
5.52%,26.38,25.00,2.45%,25.33,25.95,"1,173,000.00",25.81,1.09%
8.29%,25.87,23.89,-1.84%,25.52,25.05,"2,160,000.00",24.92,-3.47%
6.18%,25.94,24.43,2.02%,25.28,25.79,"1,304,400.00",25.65,2.95%
4.43%,26.17,25.06,-2.03%,25.63,25.11,"1,037,500.00",24.98,-2.64%
3.51%,25.66,24.79,-0.63%,25.43,25.27,"1,845,000.00",25.13,0.64%
5.17%,25.24,24.00,-0.52%,25.12,24.99,"1,848,800.00",24.86,-1.11%
3.85%,25.87,24.91,2.31%,25.14,25.72,"1,082,400.00",25.58,2.92%
4.60%,26.84,25.66,1.70%,25.81,26.25,"1,282,100.00",26.11,2.06%
4.24%,26.80,25.71,0.84%,26.22,26.44,"784,100.00",26.30,0.72%
3.43%,27.77,26.85,-0.58%,27.73,27.57,"1,512,900.00",27.42,4.27%
8.12%,27.42,25.36,-4.71%,27.20,25.92,"1,912,100.00",25.78,-5.98%
3.96%,26.77,25.75,2.30%,26.11,26.71,"786,900.00",26.57,3.05%
3.32%,27.41,26.53,1.41%,26.92,27.30,"1,130,800.00",27.15,2.21%
4.96%,27.71,26.40,1.74%,27.07,27.54,"1,090,600.00",27.39,0.88%
4.14%,28.68,27.54,3.30%,27.55,28.46,"1,397,500.00",28.31,3.34%
4.40%,28.70,27.49,-2.06%,28.65,28.06,"1,178,200.00",27.91,-1.41%
4.07%,27.88,26.79,-3.13%,27.82,26.95,"1,080,600.00",26.81,-3.96%
4.07%,27.33,26.26,-2.98%,27.22,26.41,"1,432,900.00",26.27,-2.00%
3.85%,26.45,25.47,-3.22%,26.42,25.57,"1,958,300.00",25.43,-3.18%
4.61%,25.88,24.74,0.74%,25.53,25.72,"1,175,600.00",25.58,0.59%
4.25%,26.64,25.56,3.51%,25.64,26.54,"1,724,800.00",26.40,3.19%
2.71%,27.32,26.60,2.32%,26.70,27.32,"663,400.00",27.17,2.94%
3.58%,27.07,26.14,-1.85%,26.99,26.49,"816,400.00",26.35,-3.04%
2.47%,26.95,26.30,0.60%,26.62,26.78,"942,600.00",26.64,1.09%
4.64%,27.98,26.74,2.04%,26.92,27.47,"878,200.00",27.32,2.58%
4.06%,28.97,27.84,1.07%,27.94,28.24,"1,540,800.00",28.09,2.80%
2.83%,28.30,27.52,-0.50%,28.26,28.12,"845,700.00",27.97,-0.42%
4.09%,28.51,27.39,-2.32%,28.05,27.40,"815,500.00",27.25,-2.56%
2.84%,27.56,26.80,-0.91%,27.49,27.24,"540,400.00",27.09,-0.58%
6.03%,27.45,25.89,-5.16%,27.34,25.93,"829,100.00",25.79,-4.81%
3.94%,26.63,25.62,0.23%,25.81,25.87,"1,291,800.00",25.73,-0.23%
4.74%,26.76,25.55,2.11%,26.01,26.56,"924,900.00",26.42,2.67%
7.07%,25.44,23.76,0.77%,24.77,24.96,"1,976,900.00",24.87,-5.85%
3.04%,25.12,24.38,0.97%,24.77,25.01,"797,900.00",24.92,0.20%
3.74%,25.24,24.33,0.44%,24.82,24.93,"938,500.00",24.84,-0.32%
3.88%,26.10,25.13,2.78%,25.19,25.89,"1,159,300.00",25.80,3.85%
2.08%,26.05,25.52,-1.62%,26.00,25.58,"829,000.00",25.49,-1.20%
5.01%,25.98,24.74,-2.64%,25.72,25.04,"883,400.00",24.95,-2.11%
3.47%,25.35,24.50,1.05%,24.84,25.10,"458,200.00",25.01,0.24%
7.29%,25.16,23.45,-4.61%,24.93,23.78,"1,284,700.00",23.70,-5.26%
3.55%,23.95,23.13,-2.47%,23.85,23.26,"1,038,300.00",23.18,-2.19%
9.22%,23.69,21.69,-3.30%,23.00,22.24,"1,194,600.00",22.16,-4.39%
2.58%,22.68,22.11,-1.29%,22.49,22.20,"975,400.00",22.12,-0.18%
4.59%,23.25,22.23,4.23%,22.24,23.18,"889,500.00",23.10,4.41%
5.03%,24.43,23.26,4.21%,23.26,24.24,"1,194,400.00",24.16,4.57%
3.31%,24.95,24.15,-0.29%,24.27,24.20,"822,200.00",24.12,-0.17%
5.14%,24.55,23.35,-2.03%,24.12,23.63,"723,700.00",23.55,-2.36%
4.03%,23.74,22.82,-1.61%,23.62,23.24,"592,500.00",23.16,-1.65%
2.70%,23.60,22.98,-0.64%,23.50,23.35,"377,200.00",23.27,0.47%
1.84%,23.83,23.40,1.50%,23.40,23.75,"593,500.00",23.67,1.71%
3.24%,24.53,23.76,1.68%,23.76,24.16,"578,700.00",24.08,1.73%
5.12%,24.62,23.42,1.53%,24.15,24.52,"585,000.00",24.43,1.49%
4.12%,24.50,23.53,-2.25%,24.44,23.89,"653,000.00",23.81,-2.57%
2.77%,24.14,23.49,1.43%,23.71,24.05,"638,500.00",23.97,0.67%
2.17%,24.00,23.49,0.72%,23.77,23.94,"713,700.00",23.86,-0.46%
3.11%,24.24,23.51,0.63%,23.84,23.99,"690,400.00",23.91,0.21%
3.45%,24.87,24.04,0.25%,24.04,24.10,"779,800.00",24.02,0.46%
2.78%,24.40,23.74,1.47%,23.85,24.20,"698,700.00",24.12,0.41%
2.31%,24.83,24.27,0.53%,24.39,24.52,"498,500.00",24.43,1.32%
5.36%,24.88,23.61,0.69%,24.53,24.70,"836,300.00",24.61,0.73%
3.15%,25.75,24.96,0.72%,25.00,25.18,"1,078,100.00",25.09,1.94%
3.27%,25.90,25.08,1.14%,25.44,25.73,"772,800.00",25.64,2.18%
4.44%,26.59,25.46,2.44%,25.85,26.48,"1,128,900.00",26.39,2.91%
2.98%,26.63,25.86,-2.19%,26.50,25.92,"1,018,700.00",25.83,-2.11%
3.11%,26.51,25.71,-0.95%,26.20,25.95,"743,900.00",25.86,0.12%
2.32%,26.43,25.83,-0.34%,26.29,26.20,"570,100.00",26.11,0.96%
1.95%,26.60,26.09,-0.30%,26.49,26.41,"621,500.00",26.32,0.80%
3.01%,26.70,25.92,-1.81%,26.45,25.97,"1,381,500.00",25.88,-1.67%
2.24%,26.46,25.88,1.50%,26.01,26.40,"932,800.00",26.31,1.66%
3.47%,27.55,26.62,1.89%,26.93,27.44,"1,448,100.00",27.34,3.94%
5.05%,27.69,26.36,-3.72%,27.45,26.43,"1,537,500.00",26.34,-3.68%
1.30%,26.51,26.17,-0.08%,26.38,26.36,"612,900.00",26.27,-0.26%
5.87%,27.58,26.05,3.01%,26.25,27.04,"996,400.00",26.95,2.58%
4.81%,28.34,27.04,2.97%,27.24,28.05,"1,735,600.00",27.95,3.74%
4.20%,28.56,27.41,-0.25%,28.08,28.01,"1,111,500.00",27.91,-0.14%
3.40%,28.29,27.36,-1.95%,28.17,27.62,"681,900.00",27.52,-1.39%
3.85%,27.77,26.74,-2.47%,27.53,26.85,"707,400.00",26.76,-2.79%
2.82%,27.39,26.64,1.83%,26.78,27.27,"353,900.00",27.17,1.56%
3.04%,27.48,26.67,0.63%,27.07,27.24,"390,600.00",27.14,-0.11%
4.24%,27.42,26.31,1.12%,26.90,27.20,"870,900.00",27.11,-0.15%
4.61%,27.44,26.23,-2.94%,27.17,26.37,"777,600.00",26.28,-3.05%
7.57%,27.98,26.01,5.78%,26.29,27.81,"1,201,300.00",27.71,5.46%
2.64%,28.33,27.60,-1.55%,28.33,27.89,"539,600.00",27.79,0.29%
7.47%,29.58,27.52,4.48%,27.90,29.15,"1,128,300.00",29.05,4.52%
2.94%,29.60,28.76,0.41%,29.41,29.53,"503,000.00",29.43,1.30%
3.57%,30.46,29.41,0.47%,29.55,29.69,"785,200.00",29.59,0.54%
2.11%,29.51,28.90,-1.56%,29.41,28.95,"522,400.00",28.85,-2.49%
5.45%,29.01,27.51,-5.00%,29.01,27.56,"659,800.00",27.46,-4.80%
4.35%,28.78,27.58,2.60%,27.70,28.42,"320,400.00",28.32,3.12%
1.49%,27.91,27.50,-1.04%,27.91,27.62,"673,800.00",27.52,-2.81%
7.88%,28.08,26.03,-5.35%,27.50,26.03,"770,000.00",25.94,-5.76%
5.29%,27.67,26.28,3.92%,26.28,27.31,"899,700.00",27.21,4.92%
6.93%,28.43,26.59,3.85%,26.75,27.78,"642,200.00",27.68,1.72%
6.20%,28.95,27.26,-2.63%,28.18,27.44,"761,400.00",27.34,-1.22%
4.58%,28.54,27.29,0.51%,27.33,27.47,"683,900.00",27.37,0.11%
4.87%,28.42,27.10,0.76%,27.79,28.00,"1,291,800.00",27.90,1.93%
10.04%,27.51,25.00,-3.60%,27.51,26.52,"3,037,600.00",26.47,-5.12%
5.71%,27.78,26.28,2.56%,26.54,27.22,"1,031,000.00",27.17,2.64%
5.94%,27.30,25.77,-3.05%,27.19,26.36,"852,200.00",26.31,-3.16%
5.38%,26.92,25.54,-1.87%,26.22,25.73,"707,500.00",25.69,-2.39%
3.16%,26.27,25.47,-0.27%,26.07,26.00,"792,300.00",25.96,1.05%
7.78%,27.00,25.05,-5.65%,26.74,25.23,"993,400.00",25.19,-2.96%
3.61%,25.41,24.52,1.90%,24.78,25.25,"909,700.00",25.21,0.08%
3.20%,25.51,24.72,-1.03%,25.36,25.10,"620,600.00",25.06,-0.59%
4.76%,26.08,24.90,2.35%,25.06,25.65,"601,500.00",25.61,2.19%
6.03%,26.37,24.87,-3.22%,25.80,24.97,"793,900.00",24.93,-2.65%
4.42%,25.98,24.88,3.09%,24.88,25.65,"829,000.00",25.61,2.72%
4.15%,26.35,25.30,1.72%,25.55,25.99,"816,500.00",25.95,1.33%
4.19%,25.99,24.94,-1.35%,25.88,25.53,"632,900.00",25.49,-1.77%
9.52%,25.07,22.89,-8.06%,25.07,23.05,"1,043,300.00",23.01,-9.71%
2.75%,23.52,22.89,-0.77%,23.24,23.06,"548,200.00",23.02,0.04%
5.53%,22.71,21.52,-2.25%,22.70,22.19,"521,800.00",22.15,-3.77%
5.84%,22.30,21.07,-4.51%,22.17,21.17,"1,226,800.00",21.13,-4.60%
7.71%,22.49,20.88,6.20%,20.96,22.26,"1,860,900.00",22.22,5.15%
9.61%,24.40,22.26,5.93%,22.26,23.58,"948,700.00",23.54,5.93%
3.40%,24.00,23.21,0.60%,23.43,23.57,"991,000.00",23.53,-0.04%
3.28%,24.10,23.34,0.51%,23.58,23.70,"711,600.00",23.66,0.55%
3.50%,25.12,24.27,1.64%,24.39,24.79,"996,600.00",24.75,4.60%
4.10%,25.62,24.61,-0.87%,25.15,24.93,"1,556,600.00",24.89,0.56%
7.99%,24.72,22.89,-2.71%,24.72,24.05,"956,600.00",24.01,-3.53%
5.25%,25.05,23.80,-2.00%,24.49,24.00,"598,100.00",23.96,-0.21%
5.23%,24.16,22.96,-1.51%,23.81,23.45,"918,800.00",23.41,-2.29%
3.34%,23.85,23.08,-0.21%,23.70,23.65,"650,100.00",23.61,0.85%
3.56%,24.42,23.58,1.04%,24.05,24.30,"1,225,400.00",24.26,2.75%
4.07%,25.38,24.39,0.49%,24.66,24.78,"777,000.00",24.74,1.98%
5.25%,25.65,24.37,-0.41%,24.69,24.59,"841,700.00",24.55,-0.77%
6.29%,24.66,23.20,-5.00%,24.59,23.36,"1,163,300.00",23.32,-5.00%
4.04%,23.94,23.01,0.00%,23.46,23.46,"1,072,900.00",23.42,0.43%
5.89%,24.08,22.74,-1.88%,23.41,22.97,"636,300.00",22.93,-2.09%
2.73%,23.31,22.69,-0.74%,23.02,22.85,"973,400.00",22.81,-0.52%
3.85%,23.47,22.60,0.09%,22.82,22.84,"1,535,300.00",22.80,-0.04%
3.23%,23.03,22.31,-1.54%,22.76,22.41,"493,300.00",22.37,-1.88%
7.93%,23.96,22.20,6.50%,22.45,23.91,"469,800.00",23.87,6.69%
3.83%,23.84,22.96,1.62%,23.42,23.80,"320,300.00",23.76,-0.46%
3.29%,24.50,23.72,0.21%,23.98,24.03,"550,400.00",23.99,0.97%
3.67%,24.30,23.44,-0.78%,24.30,24.11,"708,800.00",24.07,0.33%
5.89%,23.92,22.59,-0.25%,23.81,23.75,"736,400.00",23.71,-1.49%
10.32%,23.74,21.52,-7.03%,23.61,21.95,"818,100.00",21.91,-7.58%
6.61%,23.88,22.40,3.20%,22.47,23.19,"979,200.00",23.15,5.65%
7.34%,23.83,22.20,-2.11%,23.20,22.71,"890,200.00",22.67,-2.07%
4.87%,23.25,22.17,0.83%,22.97,23.16,"783,500.00",23.12,1.98%
4.57%,24.24,23.18,2.81%,23.46,24.12,"786,500.00",24.08,4.15%
3.90%,24.27,23.36,1.42%,23.90,24.24,"833,000.00",24.20,0.50%
5.26%,24.91,23.66,1.96%,23.98,24.45,"1,293,500.00",24.41,0.87%
2.72%,24.89,24.23,1.69%,24.23,24.64,"619,800.00",24.60,0.78%
5.58%,24.96,23.64,-3.70%,24.85,23.93,"847,100.00",23.89,-2.88%
3.06%,24.61,23.88,1.67%,24.00,24.40,"874,800.00",24.36,1.96%
3.87%,25.25,24.31,3.33%,24.31,25.12,"907,100.00",25.08,2.95%
5.11%,26.32,25.04,3.09%,25.25,26.03,"691,500.00",25.99,3.62%
2.82%,25.87,25.16,-0.19%,25.85,25.80,"608,200.00",25.76,-0.88%
2.65%,26.37,25.69,-0.46%,26.23,26.11,"537,200.00",26.07,1.20%
2.34%,26.30,25.69,0.85%,25.90,26.12,"544,300.00",26.08,0.04%
2.90%,27.30,26.53,2.15%,26.53,27.10,"689,700.00",27.05,3.75%
3.13%,27.02,26.20,-1.22%,26.97,26.64,"364,600.00",26.59,-1.70%
2.38%,27.49,26.85,0.30%,27.05,27.13,"491,100.00",27.08,1.84%
5.44%,28.87,27.38,2.13%,27.71,28.30,"963,400.00",28.25,4.31%
3.88%,28.81,27.73,1.34%,28.35,28.73,"608,700.00",28.68,1.52%
1.79%,28.99,28.48,0.00%,28.73,28.73,"391,300.00",28.68,0.00%
2.14%,28.62,28.02,0.03%,28.60,28.61,"449,200.00",28.56,-0.42%
1.55%,28.76,28.32,-0.38%,28.62,28.51,"429,100.00",28.46,-0.35%
3.87%,28.42,27.36,-3.13%,28.41,27.52,"969,700.00",27.47,-3.47%
3.23%,27.99,27.11,-0.37%,27.32,27.22,"359,800.00",27.17,-1.09%
2.00%,27.53,26.99,-0.88%,27.32,27.08,"472,200.00",27.03,-0.51%
1.67%,27.40,26.95,-0.04%,27.10,27.09,"333,100.00",27.04,0.04%
3.02%,28.00,27.18,2.20%,27.33,27.93,"445,100.00",27.88,3.10%
1.72%,28.33,27.85,0.43%,28.03,28.15,"529,800.00",28.10,0.79%
1.84%,28.43,27.92,0.64%,27.97,28.15,"688,200.00",28.10,0.00%
2.27%,28.78,28.14,-0.70%,28.42,28.22,"340,400.00",28.17,0.25%
2.73%,28.60,27.84,0.00%,28.16,28.16,"525,900.00",28.11,-0.21%
3.61%,28.99,27.98,0.77%,28.39,28.61,"784,500.00",28.56,1.60%
5.58%,29.54,27.98,1.83%,28.43,28.95,"1,101,300.00",28.90,1.19%
5.49%,30.57,28.98,-0.07%,29.38,29.36,"1,482,400.00",29.31,1.42%
5.27%,29.47,28.00,0.10%,29.15,29.18,"997,800.00",29.13,-0.61%
2.75%,29.16,28.38,0.48%,29.00,29.14,"874,000.00",29.09,-0.14%
3.27%,29.72,28.78,-0.93%,29.18,28.91,"507,500.00",28.86,-0.79%
2.77%,29.31,28.52,1.84%,28.75,29.28,"688,500.00",29.23,1.28%
2.20%,29.48,28.84,-0.75%,29.38,29.16,"661,700.00",29.16,-0.24%
2.81%,29.27,28.47,-1.67%,29.27,28.78,"454,300.00",28.78,-1.30%
1.58%,28.96,28.51,-0.52%,28.70,28.55,"309,000.00",28.55,-0.80%
3.50%,28.72,27.75,-2.69%,28.60,27.83,"627,600.00",27.83,-2.52%
3.18%,27.92,27.06,-2.65%,27.90,27.16,"618,400.00",27.16,-2.41%
3.02%,27.31,26.51,-1.25%,27.18,26.84,"646,400.00",26.84,-1.18%
4.76%,27.96,26.69,3.21%,27.08,27.95,"738,500.00",27.95,4.14%
3.26%,28.47,27.57,-0.32%,28.07,27.98,"537,700.00",27.98,0.11%
4.82%,29.13,27.79,2.51%,28.28,28.99,"586,900.00",28.99,3.61%
1.50%,29.18,28.75,-0.28%,29.03,28.95,"394,400.00",28.95,-0.14%
2.61%,29.09,28.35,-0.94%,28.87,28.60,"715,100.00",28.60,-1.21%
1.85%,29.11,28.58,0.59%,28.83,29.00,"395,100.00",29.00,1.40%
1.49%,29.34,28.91,-0.28%,29.08,29.00,"528,500.00",29.00,0.00%
2.95%,29.15,28.32,-0.59%,29.00,28.83,"539,200.00",28.83,-0.59%
1.99%,29.21,28.64,-0.28%,28.78,28.70,"633,100.00",28.70,-0.45%
3.83%,28.72,27.66,-0.67%,28.32,28.13,"494,600.00",28.13,-1.99%
1.78%,28.61,28.11,1.28%,28.22,28.58,"956,000.00",28.58,1.60%
1.63%,29.07,28.60,-0.17%,28.75,28.70,"710,700.00",28.70,0.42%
4.70%,30.71,29.33,1.69%,29.66,30.16,"2,003,400.00",30.16,5.09%
1.24%,30.71,30.33,-0.33%,30.50,30.40,"1,079,000.00",30.40,0.80%
2.02%,30.86,30.25,-1.11%,30.74,30.40,"1,162,400.00",30.40,0.00%
5.77%,32.06,30.31,0.78%,30.84,31.08,"1,157,100.00",31.08,2.24%
3.12%,31.27,30.33,-0.80%,31.27,31.02,"1,343,200.00",31.02,-0.19%
3.21%,31.50,30.52,-1.41%,31.21,30.77,"737,100.00",30.77,-0.81%
1.98%,30.86,30.26,-0.20%,30.62,30.56,"493,400.00",30.56,-0.68%
2.22%,30.87,30.20,0.39%,30.62,30.74,"741,100.00",30.74,0.59%
2.02%,31.38,30.76,1.27%,30.81,31.20,"832,500.00",31.20,1.50%
2.68%,31.00,30.19,-2.45%,31.00,30.24,"475,400.00",30.24,-3.08%
2.39%,30.67,29.95,0.83%,30.15,30.40,"597,700.00",30.40,0.53%
2.04%,30.48,29.87,-0.53%,30.31,30.15,"799,400.00",30.15,-0.82%
2.02%,30.75,30.14,0.00%,30.45,30.45,"674,500.00",30.45,1.00%
1.92%,30.72,30.14,0.33%,30.50,30.60,"496,800.00",30.60,0.49%
2.61%,31.40,30.60,-0.03%,30.78,30.77,"791,200.00",30.77,0.56%
1.73%,31.18,30.65,-0.97%,31.02,30.72,"809,700.00",30.72,-0.16%
1.99%,31.30,30.69,0.00%,30.88,30.88,"422,400.00",30.88,0.52%
,,,,,,,,-100.00%
